title,location,startdate,enddate,vendor
Monet and Friends Alive Bangkok,"Attraction Hall, 6th Floor, ICONSIAM",2023-09-22,2024-01-07,Ticketmelon
Enchanted Flora Park,Flora Park,2023-11-01,2024-02-29,Ticketmelon
Enchanted Flora Park,Flora Park,2023-11-01,2024-02-29,Ticketmelon
The Backyard 168: Back to the 90's Campfire Party,"The Backyard 168, Khao Yai",2023-12-01,2024-02-25,Ticketmelon
Best Comedy Show On Khaosan - Davidson Boswell,The Comedy Joint Khaosan,2023-12-10,2023-12-27,Ticketmelon
NuNew 2nd Single Nu Meow Official Goods,Photobook Delivery,2023-12-12,2024-01-12,Ticketmelon
Blueprint Livehouse: Solitude is Bliss (2nd Show),Blueprint Livehouse,2023-12-18,2023-12-18,Ticketmelon
GasolineSrinakarin PRESENT ‡πÅ‡∏´‡∏•‡∏° ‡∏™‡∏°‡∏û‡∏•, Gasoline Bar - Srinakarin,2023-12-18,2023-12-18,The Concert
DR.FUU ‡∏ì ‡∏ö‡πâ‡∏≤‡∏ô‡πÄ‡∏û‡∏∑‡πà‡∏≠‡∏ô‡∏ö‡∏≤‡∏á‡πÅ‡∏™‡∏ô,‡∏ö‡πâ‡∏≤‡∏ô‡πÄ‡∏û‡∏∑‡πà‡∏≠‡∏ô‡∏ö‡∏≤‡∏á‡πÅ‡∏™‡∏ô,2023-12-19,2023-12-19,Ticketmelon
Blueprint Livehouse: Slur + The Jukks,Blueprint Livehouse,2023-12-20,2023-12-20,Ticketmelon
Stand-up Comedy ‚Äú The Boy ‚Äú By Katanyu Swangsri, ‡πÇ‡∏£‡∏á‡∏•‡∏∞‡∏Ñ‡∏£‡πÄ‡∏Ñ‡πÅ‡∏ö‡∏á‡∏Å‡πå‡∏™‡∏¢‡∏≤‡∏°‡∏û‡∏¥‡∏Ü‡πÄ‡∏ô‡∏®,2023-12-20,2023-12-20,The Concert
‡∏•‡∏≤‡∏ö‡∏Å‡∏£‡∏∏‡∏á‡∏Ñ‡∏≠‡∏ô‡∏™‡∏î RASMEE ISAN SOUL, ‡∏•‡∏≤‡∏ö‡∏Å‡∏£‡∏∏‡∏á,2023-12-20,2023-12-20,The Concert
Blueprint Livehouse: Summer Dress + Hariguem Zaboy,Blueprint Livehouse,2023-12-21,2023-12-21,Ticketmelon
‡πÄ‡∏ö‡∏•‡∏ô‡∏î‡πå 285 ‡∏ã‡∏¥‡∏Ñ‡πÄ‡∏ô‡πÄ‡∏à‡∏≠‡∏£‡πå ‡∏û‡∏£‡∏µ‡πÄ‡∏ã‡∏ô‡∏ï‡πå ‡∏£‡πà‡∏≤‡∏á‡∏Å‡∏≤‡∏¢‡∏ï‡πâ‡∏≠‡∏á‡∏Å‡∏≤‡∏£‡∏Ñ‡∏≠‡∏ô‡πÄ‡∏™‡∏¥‡∏£‡πå‡∏ï ‡∏ï‡∏≠‡∏ô ‡∏Ç‡∏≠‡πÉ‡∏´‡πâ‡πÇ‡∏•‡∏Å‡∏ô‡∏µ‡πâ‡πÉ‡∏à‡∏î‡∏µ‡∏Å‡∏±‡∏ö‡πÄ‡∏£‡∏≤, LIDO CONNECT HALL 3,2023-12-21,2023-12-21,The Concert
"Veshalka / Dill Pickles, Activ8, T1000, Named, Ram, Justie, Puppss",A Blanket And A Pillow,2023-12-22,2023-12-22,Ticketmelon
LIDO LIVEHOUSE presented by Jameson Connects 'Zweed n' Roll & Laika',Lido Connect,2023-12-22,2023-12-22,Ticketmelon
K. Aglet + Dieout + Sumdong + Chonburi Flow,Blueprint Livehouse,2023-12-22,2023-12-22,Ticketmelon
‡∏ä‡∏≤‡∏¢‡∏´‡∏≤‡∏î‡∏≠‡∏ß‡∏Å‡∏≤‡∏® ‡∏ü‡∏±‡∏á‡∏Å‡∏µ‡πâ ‡∏ß‡∏≤‡∏ß‡∏≤, ROOFTOP CENTRAL PINKLAO,2023-12-22,2023-12-22,The Concert
TIME EVENT TH,Sermsuk Warehouse,2023-12-22,2023-12-24,Ticketmelon
BossNoeul Private Christmas Party,"SUN & MOON, Riverside Hotel, Phnom Penh, Cambodia",2023-12-23,2023-12-23,Ticketmelon
Brushes & Bottles: A Creative Paint and Vino Experience,ASAI Bangkok Chinatown,2023-12-23,2023-12-23,Ticketmelon
SIAM INFERNO METALFEST 2023,Mr Fox Livehouse ,2023-12-23,2023-12-23,Ticketmelon
HOME ALONE Screening at theCOMMONS' Sunset Film Club,theCOMMONS Thonglor,2023-12-23,2023-12-23,Ticketmelon
Kardinal presents: Cherry Bomb by Good Night KL,REX KL,2023-12-23,2023-12-23,Ticketmelon
RIOTNOX WHITE CHRISTMAS ,DECOMMUNE,2023-12-23,2023-12-23,Ticketmelon
TLT Presents Liquid Soul,Amnesia,2023-12-23,2023-12-23,Ticketmelon
BEAMCUBE Invites Lipelis,"BEAMCUBE, Mahanakorn Cube",2023-12-23,2023-12-23,Ticketmelon
EDM Addicts Take Over EP19 Presents Wiwek At Spaceplus Bangkok,Spaceplus Bangkok,2023-12-23,2023-12-23,Ticketmelon
Land of music 2023, Land of us Camp ‡∏™‡∏ß‡∏ô‡∏ú‡∏∂‡πâ‡∏á ‡∏£‡∏≤‡∏ä‡∏ö‡∏∏‡∏£‡∏µ,2023-12-23,2023-12-23,The Concert
"GSUS2 ""GOODBYE BOY""", DECOMMUNE,2023-12-23,2023-12-23,The Concert
BRIGHT's HOME PARTY BRIGHT THE FIRST FAN MEETING Presented by Lazada, QUEEN SIRIKIT NATIONAL CONVENTION CENTER,2023-12-23,2023-12-24,The Concert
‡πÅ‡∏™‡∏á‡πÄ‡∏´‡∏ô‡∏∑‡∏≠ Music Festival 2, ‡∏ä‡πâ‡∏≤‡∏á ‡πÇ‡∏£‡∏á ‡∏™‡∏µ ‡∏î‡∏≠‡∏¢‡∏™‡∏∞‡πÄ‡∏Å‡πá‡∏î  ‡∏à‡∏±‡∏á‡∏´‡∏ß‡∏±‡∏î‡πÄ‡∏ä‡∏µ‡∏¢‡∏á‡πÉ‡∏´‡∏°‡πà,2023-12-23,2023-12-24,The Concert
"PSYCHIC FEVER LIVE 2023 ""P.C.F"" IN THAILAND",LIDO CONNECT HALL 2,2023-12-24,2023-12-24,Ticketmelon
X'Mas Cruise,Yodpiman Riverwalk,2023-12-24,2023-12-24,Ticketmelon
Siam Sinfonietta‚Äôs Holiday Concert,Banyan Tree - Grand Ballroom,2023-12-24,2023-12-24,Ticketmelon
EDM Addicts Take Over Presents Differ Club's 19th Anniversary with Wiwek,Differ Club,2023-12-24,2023-12-24,Ticketmelon
PSYCHIC FEVER FAN EVENT 2023 IN THAILAND ~PsyFe Christmas Night~,LIDO CONNECT HALL 2,2023-12-24,2023-12-24,Ticketmelon
TONETALK ‡∏™‡∏≠‡∏ô‡∏Ñ‡∏∏‡∏ì‡πÉ‡∏´‡πâ‡πÄ‡∏õ‡πá‡∏ô‡πÄ‡∏ã‡∏µ‡∏¢‡∏ô, Araya Hall DBS Denla British School,2023-12-24,2023-12-24,The Concert
Moon Mountain X'mas Edition 2023,‡πÅ‡∏û‡∏ß‡∏±‡∏ô‡∏ß‡∏≤‡∏ô,2023-12-24,2023-12-26,Ticketmelon
Moon Mountain X'mas 2023,‡πÅ‡∏û‡∏ß‡∏±‡∏ô‡∏ß‡∏≤‡∏ô,2023-12-24,2023-12-26,Ticketmelon
XTC presents S√©xstasy ,Decommune,2023-12-25,2023-12-25,Ticketmelon
Blueprint Livehouse: SEKI + The Octopuss*,Blueprint Livehouse,2023-12-27,2023-12-27,Ticketmelon
AN INTIMATE ACOUSTIC NIGHT WITH‚Äã  YOKEE PLAYBOY,Siwilai Sound Club,2023-12-27,2023-12-27,Ticketmelon
Greasy Cafe ‡∏ì ‡∏ö‡πâ‡∏≤‡∏ô‡πÄ‡∏û‡∏∑‡πà‡∏≠‡∏ô‡∏ö‡∏≤‡∏á‡πÅ‡∏™‡∏ô,‡∏ö‡πâ‡∏≤‡∏ô‡πÄ‡∏û‡∏∑‡πà‡∏≠‡∏ô‡∏ö‡∏≤‡∏á‡πÅ‡∏™‡∏ô,2023-12-28,2023-12-28,Ticketmelon
Pitt Club KL pres. Nicky Romero,Pitt Club KL,2023-12-28,2023-12-28,Ticketmelon
Harvest Moon Music Camp #3,Daidib Daidee,2023-12-29,2023-12-29,Ticketmelon
Middleman's 1st Love Final EP,‡πÄ‡∏°‡πÄ‡∏à‡∏≠‡∏£‡πå‡∏£‡∏±‡∏ä‡πÇ‡∏¢‡∏ò‡∏¥‡∏ô ‡πÇ‡∏£‡∏á‡∏ó‡∏µ‡πà 14,2023-12-29,2023-12-29,Ticketmelon
Venti Nightclub presents: Mastermind ft. Twopee Southside,"Venti Nightclub, 19 23 RCA Alley, Bang Kapi, Huai Khwang, Bangkok 10310",2023-12-29,2023-12-29,Ticketmelon
NEON COUNTDOWN 2023,Wonder World Extreme Park,2023-12-29,2023-12-31,Ticketmelon
2023 NAM WOO HYUN CONCERT „ÄàARBOR DAY 3ÔºçWHITREE„Äâ,Live Streaming,2023-12-30,2023-12-31,Ticketmelon
Sol-a-sol Festival,Selina Serenity Rawai,2023-12-31,2023-12-31,Ticketmelon
LOVE ACTUALLY Screening at theCOMMONS' Sunset Film Club,theCOMMONS Thonglor,2023-12-31,2023-12-31,Ticketmelon
The Landing NYE Special,Helipad KL,2023-12-31,2023-12-31,Ticketmelon
NEW YEAR‚ÄôS EVE 2024,Wat Worachanyawas,2023-12-31,2023-12-31,Ticketmelon
NYE GALA 2024 ON THE BEACH at Alexa Beach Club Pattaya,Alexa Beach Club Pattaya ,2023-12-31,2023-12-31,Ticketmelon
üåü‚ú® DreamForest 2024: A Magical New Year's Celebration üå≤üéÜ,MoonRock,2023-12-31,2023-12-31,Ticketmelon
 HOUSE OF DRAGON NEW YEAR EVE PARTY,REDSQUARE ROOFTOP BAR ,2023-12-31,2023-12-31,Ticketmelon
NYE at BEAMCUBE with Eddie Leader,"BEAMCUBE, Mahanakorn Cube",2023-12-31,2023-12-31,Ticketmelon
RCB NEW YEAR COUNTDOWN 2024,River City Bangkok,2023-12-31,2023-12-31,Ticketmelon
Studio Adventure: Ph√∫ Qu·ªëc Odyssey NYE 23-24,"Chez Carole Beach Resort, Phu Quoc ",2023-12-31,2024-01-02,Ticketmelon
THE 33RD  SEOUL MUSIC AWARDS IN BANGKOK,RAJAMANGALA NATIONAL STADIUM,2024-01-02,2024-01-02,Ticketmelon
„ÄêShe Her Her Hers Live in Bangkok ‚ÄúDiffusion of Responsibility„Äë,-,2024-01-05,2024-01-05,Ticketmelon
COM‚ÄôZ ‚ÄúTHE LSYG EXPLORER‚Äù WORLD TOUR,"The Bee, Publika",2024-01-05,2024-01-05,Ticketmelon
Fuchsia Presents Ben Klock,Fuchsia Bangkok,2024-01-05,2024-01-05,Ticketmelon
HARRY POTTER AND THE SORCERER'S STONE Screening at theCOMMONS' Sunset Film Club,theCOMMONS Thonglor,2024-01-06,2024-01-06,Ticketmelon
FLY BY MIDNIGHT ANEMOIA ASIA TOUR,"The Bee, Publika",2024-01-06,2024-01-06,Ticketmelon
Circus Music Festival 3,Circuit Makati Event Grounds,2024-01-06,2024-01-07,Ticketmelon
Fun Run Music,‡∏™‡∏ß‡∏ô‡∏û‡∏∏‡∏ó‡∏ò‡∏°‡∏ì‡∏ë‡∏• ‡∏™‡∏≤‡∏¢4,2024-01-07,2024-01-07,Ticketmelon
DEPT ‡∏ì ‡∏ö‡πâ‡∏≤‡∏ô‡πÄ‡∏û‡∏∑‡πà‡∏≠‡∏ô‡∏ö‡∏≤‡∏á‡πÅ‡∏™‡∏ô,‡∏ö‡πâ‡∏≤‡∏ô‡πÄ‡∏û‡∏∑‡πà‡∏≠‡∏ô‡∏ö‡∏≤‡∏á‡πÅ‡∏™‡∏ô,2024-01-09,2024-01-09,Ticketmelon
SUBCAMP 2024,Bla Bla Camp,2024-01-13,2024-01-13,Ticketmelon
‡∏ã‡∏±‡∏î‡∏°‡∏≤‡∏î-SETMILD,GREEN CAMP NAKHON NAYOK,2024-01-13,2024-01-13,Ticketmelon
101 DALMATIANS Screening at theCOMMONS' Sunset Film Club,theCOMMONS Thonglor,2024-01-13,2024-01-13,Ticketmelon
YONLAPA : LINGERING GLOAMING CONCERT,Lido Connect (L2),2024-01-13,2024-01-13,Ticketmelon
 Sinful House Presents - The.Chao.Phraya - Swinger Lifestyle Cruise,Asiatique The Riverfront,2024-01-13,2024-01-13,Ticketmelon
ùîñhapeùîñhifter :LÕìÃΩCÕìÃΩLÕìÃΩ: NEMATOCYST : FITNESSS,Unformat Studio,2024-01-13,2024-01-13,Ticketmelon
Enchanted VIP ,Differ Club Pattaya,2024-01-13,2024-01-13,Ticketmelon
"YOU ARE MY ANSWER, OZCAR WANG LIVE IN BANGKOK 2024",Union Hall 2,2024-01-14,2024-01-14,Ticketmelon
"YOU ARE MY ANSWER, OZCAR WANG LIVE IN BANGKOK 2024",Union Hall 2,2024-01-14,2024-01-14,Ticketmelon
Selina & Sirinya Live in Bangkok 2024 ,BACC,2024-01-16,2024-01-16,Ticketmelon
Tales and Tunes: Music from the Screen and Stage ,Goethe-Institut Thailand,2024-01-17,2024-01-17,Ticketmelon
Ligor Spirit Festival 2024,Greenspace Living ,2024-01-18,2024-01-21,Ticketmelon
SISB Fest,SISB,2024-01-19,2024-01-19,Ticketmelon
LA Festival 7 (Love Disadster),"Faculty of Liberal Arts, Mahidol University ",2024-01-19,2024-01-19,Ticketmelon
Jey (Jung Jinhyeong) in Bangkok ,Lido Connect Hall 2,2024-01-19,2024-01-19,Ticketmelon
Out Of The World Water & Music Festival 2.0,"KL BASE, SUNGAI BESI",2024-01-19,2024-01-21,Ticketmelon
Phangan ROCKFEST 2024,Phangan Rock Place,2024-01-19,2024-01-27,Ticketmelon
The Journey of Kati‚Äôs Happiness 20 ‡∏õ‡∏µ ‡∏Å‡∏≤‡∏£‡πÄ‡∏î‡∏¥‡∏ô‡∏ó‡∏≤‡∏á‡∏Ç‡∏≠‡∏á‡∏Ñ‡∏ß‡∏≤‡∏°‡∏™‡∏∏‡∏Ç‡πÑ‡∏°‡πà‡∏£‡∏π‡πâ‡∏à‡∏ö,‡∏•‡∏≤‡∏ô‡∏£‡∏¥‡∏°‡∏ô‡πâ‡∏≥ ‡∏ö‡∏£‡∏¥‡∏©‡∏±‡∏ó ‡∏≠‡∏°‡∏£‡∏¥‡∏ô‡∏ó‡∏£‡πå ‡∏Ñ‡∏≠‡∏£‡πå‡πÄ‡∏õ‡∏≠‡πÄ‡∏£‡∏ä‡∏±‡πà‡∏ô‡∏™‡πå ‡∏à‡∏≥‡∏Å‡∏±‡∏î (‡∏°‡∏´‡∏≤‡∏ä‡∏ô),2024-01-20,2024-01-20,Ticketmelon
Lopburi Music Festival ‡∏•‡∏û‡∏ö‡∏∏‡∏£‡∏µ ‡∏°‡∏¥‡∏ß‡∏™‡∏¥‡∏Ñ ‡πÄ‡∏ü‡∏™‡∏ï‡∏¥‡∏ß‡∏±‡∏•,‡πÄ‡∏Ç‡∏≤‡πÇ‡∏î‡πà ‡∏ï‡∏≥‡∏ö‡∏•‡∏ô‡∏¥‡∏Ñ‡∏°‡∏™‡∏£‡πâ‡∏≤‡∏á‡∏ï‡∏ô‡πÄ‡∏≠‡∏á ‡∏≠‡∏≥‡πÄ‡∏†‡∏≠‡πÄ‡∏°‡∏∑‡∏≠‡∏á ‡∏à‡∏±‡∏á‡∏´‡∏ß‡∏±‡∏î‡∏•‡∏û‡∏ö‡∏∏‡∏£‡∏µ,2024-01-20,2024-01-20,Ticketmelon
INSOMNIA LIVE IN SALAYA 2024,‡∏°‡∏´‡∏¥‡∏î‡∏• ‡∏®‡∏≤‡∏•‡∏≤‡∏¢‡∏≤,2024-01-20,2024-01-20,Ticketmelon
COME BACK ANYTIME Screening at theCOMMONS' Sunset Film Club,theCOMMONS Thonglor,2024-01-20,2024-01-20,Ticketmelon
0WAVE in Bangkok,Lido Connect Hall 2,2024-01-20,2024-01-20,Ticketmelon
‡πÄ‡∏ü‡∏µ‡πâ‡∏¢‡∏ß‡∏ï‡∏¥‡∏ß‡∏±‡∏• ‡πÄ‡∏ä‡∏µ‡∏¢‡∏á‡∏£‡∏≤‡∏¢,‡∏•‡∏≤‡∏ô‡∏Å‡∏≤‡∏™‡∏∞‡∏•‡∏≠‡∏á 2 ‡πÄ‡∏ã‡πá‡∏ô‡∏ó‡∏£‡∏±‡∏•‡πÄ‡∏ä‡∏µ‡∏¢‡∏á‡∏£‡∏≤‡∏¢,2024-01-20,2024-01-20,Ticketmelon
‡πÄ‡∏ü‡∏µ‡πâ‡∏¢‡∏ß‡∏ï‡∏¥‡∏ß‡∏±‡∏• 2024,10 ‡∏à‡∏±‡∏á‡∏´‡∏ß‡∏±‡∏î 10 ‡∏™‡∏ñ‡∏≤‡∏ô‡∏ó‡∏µ‡πà,2024-01-20,2024-05-19,Ticketmelon
Gathering in the glen : ‡∏ã‡∏±‡∏Å‡πÅ‡∏î‡∏î,‡∏ó‡∏∏‡πà‡∏á‡πÄ‡∏•‡∏µ‡πâ‡∏¢‡∏á‡∏Ñ‡∏ß‡∏≤‡∏¢‡∏•‡∏∏‡∏á‡∏ï‡∏≤,2024-01-21,2024-01-21,Ticketmelon
KUNSTLER : The Public 26 JAN 24,SERMSUK WAREHOUSE,2024-01-26,2024-01-26,Ticketmelon
‡πÄ‡∏ü‡∏µ‡πâ‡∏¢‡∏ß‡∏ï‡∏¥‡∏ß‡∏±‡∏• ‡∏≠‡∏∏‡∏î‡∏£‡∏ò‡∏≤‡∏ô‡∏µ,‡∏•‡∏≤‡∏ô‡πÄ‡∏î‡∏≠‡∏∞‡πÅ‡∏•‡∏ô‡∏î‡πå ‡∏®‡∏π‡∏ô‡∏¢‡πå‡∏Å‡∏≤‡∏£‡∏Ñ‡πâ‡∏≤‡∏¢‡∏π‡∏î‡∏µ ‡∏ó‡∏≤‡∏ß‡∏ô‡πå ‡∏≠‡∏∏‡∏î‡∏£‡∏ò‡∏≤‡∏ô‡∏µ,2024-01-26,2024-01-26,Ticketmelon
KLWP 3.0,KL BASE SG BESI,2024-01-26,2024-01-27,Ticketmelon
Thailand International Jazz Conference 2024,"College of Music, Mahidol University",2024-01-26,2024-01-28,Ticketmelon
BEATFOREST 2024,Bonanza,2024-01-27,2024-01-27,Ticketmelon
KUNSTLER : The Public 27 JAN 24,SERMSUK WAREHOUSE,2024-01-27,2024-01-27,Ticketmelon
FORREST GUMP Screening at theCOMMONS' Sunset Film Club,theCOMMONS Thonglor,2024-01-27,2024-01-27,Ticketmelon
"üåü Moon Rock Festival: 3 Days of Music, Camping, and Seaside Bliss! üöÄüèïÔ∏èüåä",MoonRock,2024-01-27,2024-01-29,Ticketmelon
COMBUST (NYHC) Live in Bangkok 28.01.2024,BLUEPRINT LIVEHOUSE,2024-01-28,2024-01-28,Ticketmelon
Unkonscious Boat Party 2024,Tappia Floating cafe - Pattaya,2024-01-30,2024-01-30,Ticketmelon
UnKonscious Festival 2024,Alexa Beach club,2024-01-30,2024-02-04,Ticketmelon
UnKonscious Festival 2024,Alexa Beach club,2024-01-30,2024-02-04,Ticketmelon
DOMI & JD BECK LIVE IN BANGKOK,Lido Connect,2024-01-31,2024-01-31,Ticketmelon
Jumpstart Festival ,Sepang International Circuit,2024-02-02,2024-02-03,Ticketmelon
Mystic Valley 2024,Mountain Creek Golf Resort,2024-02-02,2024-02-04,Ticketmelon
‡∏ã‡∏¥‡∏ï‡∏™‡∏ñ‡∏≤‡∏ô 3 FEB,sermsuk warehouse,2024-02-03,2024-02-03,Ticketmelon
BEER! A LOVE STORY Screening at theCOMMONS' Sunset Film Club,theCOMMONS Thonglor,2024-02-03,2024-02-03,Ticketmelon
COMEEARS PRESENT TENDRE LIVE IN BANGKOK,Lido Connect ,2024-02-03,2024-02-03,Ticketmelon
UnKonscious Knock Out,New Lumpinee Boxing Stadium,2024-02-03,2024-02-04,Ticketmelon
SENSE Psychedelic Gathering 2024,koh taen,2024-02-03,2024-02-06,Ticketmelon
‡∏ã‡∏¥‡∏ï‡∏™‡∏ñ‡∏≤‡∏ô 4 FEB,sermsuk warehouse,2024-02-04,2024-02-04,Ticketmelon
Klash of the titans : Kreator and In flames live in Bangkok,The street ‡∏£‡∏±‡∏ä‡∏î‡∏≤,2024-02-07,2024-02-07,Ticketmelon
STICK TO YOUR GUNS Live in Bangkok 09.02.2024,MR.FOX LIVEHOUSE,2024-02-09,2024-02-09,Ticketmelon
SCRUBB LIVE IN MANILA,123 BLOCK MANDALA PARK,2024-02-10,2024-02-10,Ticketmelon
BEFORE SUNRISE Screening at theCOMMONS' Sunset Film Club,theCOMMONS Thonglor,2024-02-10,2024-02-10,Ticketmelon
‡πÄ‡∏ü‡∏µ‡πâ‡∏¢‡∏ß‡∏ï‡∏¥‡∏ß‡∏±‡∏• ‡∏ô‡∏Ñ‡∏£‡∏£‡∏≤‡∏ä‡∏™‡∏µ‡∏°‡∏≤,‡∏•‡∏≤‡∏ô‡∏´‡πâ‡∏≤‡∏á‡πÇ‡∏Å‡∏•‡∏ö‡∏≠‡∏•‡πÄ‡∏Æ‡πâ‡∏≤‡∏™‡πå,2024-02-10,2024-02-10,Ticketmelon
Leaf & Rhyme II,Baimai Activity Space,2024-02-10,2024-02-11,Ticketmelon
NOTTING HILL Screening at theCOMMONS' Sunset Film Club,theCOMMONS Thonglor,2024-02-14,2024-02-14,Ticketmelon
‡πÄ‡∏ü‡∏µ‡πâ‡∏¢‡∏ß‡∏ï‡∏¥‡∏ß‡∏±‡∏• ‡∏™‡∏á‡∏Ç‡∏•‡∏≤,‡πÇ‡∏£‡∏á‡πÄ‡∏£‡∏µ‡∏¢‡∏ô‡∏™‡∏≠‡∏ô‡∏Ç‡∏±‡∏ö‡∏£‡∏ñ ‡∏´‡∏≤‡∏î‡πÉ‡∏´‡∏ç‡πà‡∏Ñ‡∏≤‡∏£‡πå‡πÄ‡∏ó‡∏£‡∏ô‡πÄ‡∏ô‡∏≠‡∏£‡πå,2024-02-17,2024-02-17,Ticketmelon
THE MODERN NOSTALGIA TOUR : LIVE IN BANGKOK,BCC Hall ‡πÄ‡∏ã‡πá‡∏ô‡∏ó‡∏£‡∏±‡∏• ‡∏•‡∏≤‡∏î‡∏û‡∏£‡πâ‡∏≤‡∏ß,2024-02-20,2024-02-20,Ticketmelon
An Evening With James Bond 007,FCCThai Clubhouse,2024-02-23,2024-02-23,Ticketmelon
NOVO AMOR Live In Bangkok 2024,Lido Connect,2024-02-29,2024-02-29,Ticketmelon
PELUPO 2024,"The Fields, Siam Country Club, Pattaya",2024-03-01,2024-03-02,Ticketmelon
Subculture Thailand 2024¬†-¬†Weekender,Bangkok,2024-03-01,2024-03-03,Ticketmelon
Subculture Thailand 2024¬†-¬†Weekender,Bangkok,2024-03-01,2024-03-03,Ticketmelon
SUPALAPA Festival,"Resorts World Awana, Genting Highlands, Malaysia",2024-03-02,2024-03-03,Ticketmelon
‡πÄ‡∏ü‡∏µ‡πâ‡∏¢‡∏ß‡∏ï‡∏¥‡∏ß‡∏±‡∏• ‡∏ä‡∏•‡∏ö‡∏∏‡∏£‡∏µ,‡∏ï‡∏•‡∏≤‡∏î‡∏ô‡∏±‡∏î‡∏à‡∏ï‡∏∏‡∏à‡∏±‡∏Å‡∏ä‡∏•‡∏ö‡∏∏‡∏£‡∏µ,2024-03-09,2024-03-09,Ticketmelon
Citizen Live In Bangkok 2024,Mr.fox,2024-03-10,2024-03-10,Ticketmelon
SLASH featuring Myles Kennedy Live in Bangkok,CENTERPOINT STUDIO,2024-03-15,2024-03-15,Ticketmelon
‡πÄ‡∏ü‡∏µ‡πâ‡∏¢‡∏ß‡∏ï‡∏¥‡∏ß‡∏±‡∏• ‡πÄ‡∏ä‡∏µ‡∏¢‡∏á‡πÉ‡∏´‡∏°‡πà,‡∏•‡∏≤‡∏ô‡∏°‡πà‡∏ß‡∏ô‡πÉ‡∏à‡πã 2 / ‡πÄ‡∏ã‡πá‡∏ô‡∏ó‡∏£‡∏±‡∏•‡πÄ‡∏ä‡∏µ‡∏¢‡∏á‡πÉ‡∏´‡∏°‡πà‡πÅ‡∏≠‡∏£‡πå‡∏û‡∏≠‡∏ï,2024-03-23,2024-03-23,Ticketmelon
Southside Festival,Andamanda Phuket,2024-03-30,2024-03-30,Ticketmelon
‡πÄ‡∏ü‡∏µ‡πâ‡∏¢‡∏ß‡∏ï‡∏¥‡∏ß‡∏±‡∏• ‡∏ô‡∏Ñ‡∏£‡∏õ‡∏ê‡∏°,‡∏ï‡∏•‡∏≤‡∏î‡∏ô‡∏±‡∏î‡πÄ‡∏Ñ‡∏£‡∏∑‡πà‡∏≠‡∏á‡∏ö‡∏¥‡∏ô ,2024-03-30,2024-03-30,Ticketmelon
Splash Pool Party,‡∏™‡∏ß‡∏ô‡∏ô‡πâ‡∏≥ The Mall Korat,2024-04-13,2024-04-16,Ticketmelon
‡πÄ‡∏ü‡∏µ‡πâ‡∏¢‡∏ß‡∏ï‡∏¥‡∏ß‡∏±‡∏• ‡∏ö‡∏∏‡∏£‡∏µ‡∏£‡∏±‡∏°‡∏¢‡πå,‡∏™‡∏ô‡∏≤‡∏°‡∏ä‡πâ‡∏≤‡∏á‡∏≠‡∏≤‡∏£‡∏µ‡∏ô‡πà‡∏≤,2024-04-27,2024-04-27,Ticketmelon
PONG 47 ‡∏õ‡∏µ Rock Never Dies,IMPACT ARENA ‡πÄ‡∏°‡∏∑‡∏≠‡∏á‡∏ó‡∏≠‡∏á‡∏ò‡∏≤‡∏ô‡∏µ,2024-04-27,2024-04-27,Ticketmelon
‡πÄ‡∏ü‡∏µ‡πâ‡∏¢‡∏ß‡∏ï‡∏¥‡∏ß‡∏±‡∏• ‡∏Ç‡∏≠‡∏ô‡πÅ‡∏Å‡πà‡∏ô,‡∏®‡∏π‡∏ô‡∏¢‡πå‡∏Ñ‡πâ‡∏≤‡∏™‡πà‡∏á‡∏≠‡∏π‡πâ‡∏ü‡∏π‡πà ,2024-05-11,2024-05-11,Ticketmelon
‡πÄ‡∏ü‡∏µ‡πâ‡∏¢‡∏ß‡∏ï‡∏¥‡∏ß‡∏±‡∏• ‡∏Å‡∏£‡∏∏‡∏á‡πÄ‡∏ó‡∏û‡∏Ø,‡∏•‡∏≤‡∏ô‡∏ï‡∏∞‡∏ß‡∏±‡∏ô‡∏ô‡∏≤ 2,2024-05-19,2024-05-19,Ticketmelon
